Sign,x,y,z
A,0.107451245188713,0.726940989494324,0.0000000611
A_1,0.608842194080353,0.829100251197815,-0.0000000223
A_2,0.63094025850296,0.884400963783264,-6.99860009945041E-08
A_3,0.657451987266541,0.820902109146118,-5.28257011467304E-08
A_4,0.602255046367645,0.689584016799927,7.72244845848036E-08
